date, province, cases, deaths
2026-08-30, Ituri, 5016, 2274
2026-08-30, Nord-Kivu, 836, 566
2026-08-30, Haut-Uele, 222, 97
2026-08-30, Bas-Uele, 4, 3
2026-08-29, Ituri, 4972, 2247
2026-08-29, Nord-Kivu, 828, 559
2026-08-29, Haut-Uele, 216, 94
2026-08-29, Bas-Uele, 3, 2
2026-08-28, Ituri, 4911, 2212
2026-08-28, Nord-Kivu, 800, 546
2026-08-28, Haut-Uele, 209, 93
2026-08-27, Ituri, 4845, 2185
2026-08-27, Nord-Kivu, 788, 538
2026-08-27, Haut-Uele, 205, 91
2026-08-27, Tshopo, 19, 8 
2026-08-26, Ituri, 4802, 2159
2026-08-26, Nord-Kivu, 775, 527
2026-08-26, Haut-Uele, 194, 90
2026-08-26, Tshopo, 17, 8 
2026-08-25, Ituri, 4750, 2133
2026-08-25, Nord-Kivu, 753, 512
2026-08-25, Haut-Uele, 189, 89
2026-08-24, Ituri, 4716, 2119
2026-08-24, Nord-Kivu, 735, 501
2026-08-24, Haut-Uele, 184, 85
2026-08-24, Bas-Uele, 3, 1
2026-08-23, Ituri, 4655, 2088
2026-08-23, Nord-Kivu, 728, 498
2026-08-23, Haut-Uele, 181, 84
2026-08-22, Ituri, 4607, 2065
2026-08-22, Nord-Kivu, 714, 490
2026-08-22, Haut-Uele, 173, 77
2026-08-21, Ituri, 4572, 2043
2026-08-21, Nord-Kivu, 698, 476
2026-08-21, Haut-Uele, 168, 77
2026-08-20, Ituri, 4510, 2009
2026-08-20, Nord-Kivu, 680, 463
2026-08-20, Haut-Uele, 165, 75
2026-08-20, Tshopo, 15, 8 
2026-08-19, Ituri, 4447, 1984
2026-08-19, Nord-Kivu, 663, 452
2026-08-19, Haut-Uele, 160, 71
2026-08-19, Tshopo, 15, 7
2026-08-18, Ituri, 4391, 1958
2026-08-18, Nord-Kivu, 645, 440
2026-08-18, Haut-Uele, 153, 69
2026-08-18, Bas-Uele, 2, 1
2026-08-17, Ituri, 4309, 1915
2026-08-17, Nord-Kivu, 633, 431
2026-08-17, Haut-Uele, 153, 65
2026-08-16, Ituri, 4257, 1878
2026-08-16, Nord-Kivu, 607, 428
2026-08-16, Haut-Uele, 139, 63
2026-08-16, Tshopo, 14, 7
2026-08-15, Ituri, 4194, 1838
2026-08-15, Nord-Kivu, 596, 417
2026-08-15, Haut-Uele, 138, 62
2026-08-15, Tshopo, 13, 6
2026-08-14, Ituri, 4105, 1791
2026-08-14, Nord-Kivu, 588, 411
2026-08-14, Haut-Uele, 135, 62
2026-08-13, Ituri, 4020, 1745
2026-08-13, Nord-Kivu, 569, 404
2026-08-13, Haut-Uele, 123, 57
2026-08-13, Tshopo, 11, 6
2026-08-12, Ituri, 3979, 1726
2026-08-12, Nord-Kivu, 553, 395
2026-08-12, Haut-Uele, 119, 55
2026-08-12, Tshopo, 10, 6
2026-08-12, Bas-Uele, 1, 1
2026-08-11, Ituri, 3912, 1702
2026-08-11, Nord-Kivu, 528, 369
2026-08-11, Haut-Uele, 115, 51
2026-08-10, Ituri, 3814, 1653
2026-08-10, Nord-Kivu, 510, 354
2026-08-10, Haut-Uele, 113, 48
2026-08-09, Ituri, 3761, 1620
2026-08-09, Nord-Kivu, 495, 338
2026-08-09, Haut-Uele, 113, 47
2026-08-08, Ituri, 3704, 1584
2026-08-08, Nord-Kivu, 480, 326
2026-08-08, Haut-Uele, 98, 44
2026-08-07, Ituri, 3636, 1551
2026-08-07, Nord-Kivu, 470, 315
2026-08-07, Haut-Uele, 91, 44
2026-08-06, Ituri, 3563, 1526
2026-08-06, Nord-Kivu, 458, 311
2026-08-06, Haut-Uele, 87, 44
2026-08-06, Tshopo, 9, 5
2026-08-05, Ituri, 3521, 1502
2026-08-05, Nord-Kivu, 447, 302
2026-08-05, Haut-Uele, 74, 41
2026-08-05, Tshopo, 8, 5
2026-08-04, Ituri, 3460, 1464
2026-08-04, Nord-Kivu, 436, 292
2026-08-04, Haut-Uele, 67, 39
2026-08-03, Ituri, 3375, 1417
2026-08-03, Nord-Kivu, 426, 290
2026-08-03, Haut-Uele, 63, 38
2026-08-02, Ituri, 3317, 1382
2026-08-02, Nord-Kivu, 414, 285
2026-08-02, Haut-Uele, 61, 34
2026-08-01, Ituri, 3278, 1359
2026-08-01, Nord-Kivu, 400, 262
2026-08-01, Haut-Uele, 60, 30
2026-07-31, Ituri, 3229, 1336
2026-07-31, Nord-Kivu, 378, 251
2026-07-31, Haut-Uele, 57, 28
2026-07-30, Ituri, 3176, 1311
2026-07-30, Nord-Kivu, 366, 242
2026-07-30, Haut-Uele, 53, 28
2026-07-29, Ituri, 3124, 1291
2026-07-29, Nord-Kivu, 351, 238
2026-07-29, Haut-Uele, 47, 28
2026-07-29, Tshopo, 7, 5
2026-07-28, Ituri, NA, NA
2026-07-28, Nord-Kivu, NA, NA
2026-07-28, Haut-Uele, NA, NA
2026-07-28, Tshopo, 7, 5
2026-07-27, Ituri, 2988, 1238
2026-07-27, Nord-Kivu, 325, 223
2026-07-27, Haut-Uele, 39, 21
2026-07-26, Ituri, 2901, 1207
2026-07-26, Nord-Kivu, 314, 204
2026-07-26, Haut-Uele, 38, 21
2026-07-25, Ituri, 2848, 1184
2026-07-25, Nord-Kivu, 306, 196
2026-07-25, Haut-Uele, 38, 20
2026-07-24, Ituri, 2733, 1142
2026-07-24, Nord-Kivu, 299, 188
2026-07-24, Haut-Uele, 35, 19
2026-07-23, Ituri, 2646, 1107
2026-07-23, Nord-Kivu, 290, 182
2026-07-23, Haut-Uele, 29, 15
2026-07-22, Ituri, 2595, 1077
2026-07-22, Nord-Kivu, 275, 172
2026-07-22, Haut-Uele, 27, 15
2026-07-21, Ituri, 2248, 864
2026-07-21, Nord-Kivu, 259, 152
2026-07-21, Haut-Uele, 21, 12
2026-07-20, Ituri, 2202, 838
2026-07-20, Nord-Kivu, 247, 146
2026-07-19, Ituri, 2160, 811
2026-07-19, Nord-Kivu, 239, 141
2026-07-18, Ituri, 2090, 776
2026-07-18, Nord-Kivu, 230, 139
2026-07-18, Haut-Uele, 16, 10
2026-07-17, Ituri, 2023, 745
2026-07-17, Nord-Kivu, 214, 130
2026-07-17, Haut-Uele, 22, 13
2026-07-17, Tshopo, 5, 4
2026-07-16, Ituri, 1948, 720
2026-07-16, Nord-Kivu, 207, 126
2026-07-16, Haut-Uele, 18, 13
2026-07-15, Ituri, 1904, 692
2026-07-15, Nord-Kivu, 199, 119
2026-07-14, Ituri, 1863, 668
2026-07-14, Nord-Kivu, 189, 111
2026-07-13, Ituri, 1808, 631
2026-07-13, Nord-Kivu, 182, 106
2026-07-13, Haut-Uele, 14, 13
2026-07-12, Ituri, 1772, 608
2026-07-12, Nord-Kivu, 177, 100
2026-07-12, Haut-Uele, 7, 7
2026-07-12, Tshopo, 4, 3
2026-07-11, Ituri, 1745, 601
2026-07-11, Nord-Kivu, 173, 97
2026-07-10, Ituri, 1705, 577
2026-07-10, Nord-Kivu, 165, 94
2026-07-10, Haut-Uele, 1, 1
2026-07-10, Tshopo, 4, 2
2026-07-09, Ituri, 1663, 553
2026-07-09, Nord-Kivu, 164, 94
2026-07-08, Ituri, 1631, 535
2026-07-08, Nord-Kivu, 158, 89
2026-07-07, Ituri, 1601, 511
2026-07-07, Nord-Kivu, 155, 88
2026-07-06, Ituri, 1556, 491
2026-07-05, Ituri, 1477, 439
2026-07-05, Nord-Kivu, 144, 81
2026-07-04, Ituri, 1417, 424
2026-07-04, Nord-Kivu, 141, 81
2026-07-03, Ituri, 1387, 411
2026-07-03, Nord-Kivu, 138, 80
2026-07-02, Ituri, 1366, 397
2026-07-02, Nord-Kivu, 133, 75
2026-07-01, Ituri, 1333, 380
2026-07-01, Nord-Kivu, 124, 71
2026-06-30, Ituri, 1283, 366
2026-06-30, Nord-Kivu, 120, 71
2026-06-29, Ituri, 1214, 335
2026-06-29, Nord-Kivu, 116, 63
2026-06-28, Ituri, 1197, 331
2026-06-28, Nord-Kivu, 107, 59
2026-06-27, Ituri, 1165, 301
2026-06-27, Nord-Kivu, 106, 58
2026-06-26, Ituri, 1120, 290
2026-06-25, Ituri, 1096, 263
2026-06-25, Nord-Kivu, 104, 57
2026-06-24, Ituri, 1054, 250
2026-06-24, Nord-Kivu, 98, 53
2026-06-23, Ituri, 1020, 238
2026-06-23, Nord-Kivu, 95, 52
2026-06-22, Ituri, 997, 226
2026-06-22, Nord-Kivu, 94, 50
2026-06-21, Ituri, 954, 216
2026-06-21, Nord-Kivu, 91, 50
2026-06-20, Ituri, 916, 205
2026-06-20, Nord-Kivu, 84, 48
2026-06-19, Ituri, 874, 201
2026-06-19, Nord-Kivu, 79, 45
2026-06-18, Ituri, 853, 199
2026-06-18, Nord-Kivu, 77, 45
2026-06-17, Ituri, 817, 186
2026-06-17, Nord-Kivu, 76, 45
2026-06-16, Ituri, 799, 158
2026-06-16, Nord-Kivu, 73, 43
2026-06-15, Ituri, 767, 157
2026-06-14, Ituri, 738, 153
2026-06-14, Nord-Kivu, 67, 38
2026-06-13, Ituri, 717, 146
2026-06-13, Nord-Kivu, 62, 34
2026-06-12, Ituri, 661, NA
2026-06-12, Nord-Kivu, 46, NA
2026-06-11, Ituri, 646, 114
2026-06-11, Nord-Kivu, 40, 24
2026-06-10, Ituri, 629, 109
2026-06-10, Nord-Kivu, 44, 26
2026-06-09, Ituri, 600, 104
2026-06-08, Ituri, 563, 92
2026-06-08, Nord-Kivu, 32, 22
2026-06-07, Ituri, 518, 80
2026-06-07, Nord-Kivu, 29, 20
2026-06-06, Ituri, 487, 74
2026-06-06, Nord-Kivu, 25, 16
2026-06-05, Ituri, 460, 70
2026-06-04, Ituri, 424, 66
2026-06-04, Nord-Kivu, 25, 15
2026-06-03, Ituri, 359, 50
2026-06-02, Ituri, 341, 48
2026-06-01, Ituri, 322, 46
2026-06-01, Nord-Kivu, 19, 13
2026-05-31, Ituri, 299, 46
2026-05-31, Nord-Kivu, 19, NA
2026-05-30, Ituri, 282, NA
2026-05-30, Nord-Kivu, 15, NA
2026-05-29, Ituri, 245, 35
2026-05-29, Nord-Kivu, 15, 6
2026-05-29, Sud-Kivu, 3, 1
2026-05-27, Nord-Kivu, 14, NA
2026-05-26, Ituri, 110, NA
2026-05-26, Nord-Kivu, 10, NA
2026-05-25, Nord-Kivu, 11, NA
2026-05-24, Nord-Kivu, 10, NA
2026-05-24, Ituri, 94, NA
2026-05-24, Nord-Kivu, 6, NA
2026-05-22, Ituri, 82, NA
2026-05-22, Nord-Kivu, 5, NA
2026-05-21, Ituri, 78, NA
2026-05-20, Ituri, 60, NA
2026-05-20, Nord-Kivu, 4, NA
2026-05-20, Sud-Kivu, 1, NA
2026-05-19, Ituri, 48, NA
2026-05-18, Ituri, 30, 4
2026-05-18, Nord-Kivu, 3, NA
2026-05-17, Ituri, 13, 4
2026-05-14, Ituri, 8, 4
